1.53,-0.68,2.17
0.83,0.68,3.68
-2.02,1.52,8.84
-7.43,6.45,18.83
-8.61,6.28,25.89
-2.36,3.01,19.20
1.16,1.19,4.24
1.15,-1.73,-6.00
2.13,-2.64,-7.99
2.38,-2.29,-2.78
-2.13,4.87,8.69
-8.91,13.28,24.83
-9.82,7.69,30.78
-1.17,3.38,18.43
1.77,1.98,1.42
0.95,-0.12,-8.77
1.30,-1.13,-11.46
1.64,-1.93,-4.51
-3.45,14.93,15.90
-12.78,18.80,34.23
-9.88,6.82,33.36
2.32,5.50,13.71
5.51,2.94,-4.60
1.92,0.97,-14.87
1.41,-2.05,-13.36
-0.05,1.23,0.44
-6.91,16.02,20.76
-15.40,13.97,34.95
-9.24,7.32,30.45
2.07,6.39,11.72
4.36,4.49,-6.73
1.91,1.44,-17.37
5.22,-0.74,-13.18
1.63,1.26,2.21
-8.71,17.21,23.42
-17.04,15.47,37.00
-9.74,7.79,31.03
3.02,8.09,11.29
6.78,6.27,-7.95
4.15,1.94,-20.09
5.50,-2.54,-17.37
1.34,0.78,-0.91
-8.22,20.25,22.21
-17.93,20.25,38.49
-13.14,9.48,33.90
2.91,8.99,13.03
9.17,7.50,-7.48
5.47,2.07,-21.22
4.63,-1.29,-18.22
1.36,2.44,-0.58
-8.40,20.50,21.64
-18.37,17.59,36.70
-12.01,8.05,32.58
3.34,8.27,12.91
8.09,6.69,-6.54
2.96,2.25,-18.06
0.94,-3.39,-14.68
-2.27,7.21,5.22
-9.71,27.10,28.17
-17.34,11.20,38.80
-5.23,5.97,27.16
7.41,7.94,5.75
6.46,4.58,-12.36
0.21,-0.98,-19.70
-0.23,-4.36,-9.96
-4.63,11.65,11.38
-13.64,24.22,31.75
-14.68,10.18,37.17
-0.41,8.63,19.66
7.05,6.59,-1.70
4.92,0.87,-15.65
4.20,-1.88,-16.19
4.53,-2.27,-4.19
-2.92,3.62,10.69
-12.79,14.81,25.73
-15.84,11.31,32.71
-4.42,7.25,22.74
3.39,3.89,6.29
5.02,0.82,-7.21
4.33,-1.87,-13.38
3.90,-3.86,-9.41
-1.33,0.31,4.04
-10.74,18.37,23.84
-17.07,13.21,35.27
-6.20,6.99,27.17
5.98,6.27,7.74
8.63,4.01,-8.91
5.14,0.81,-17.31
3.77,-3.53,-11.79
-2.29,5.83,5.94
-13.15,24.49,27.64
-18.61,11.70,37.20
-4.55,7.56,24.54
7.40,7.36,4.19
8.23,3.57,-11.27
4.07,0.00,-17.00
2.58,-3.12,-8.98
-2.62,4.36,7.77
-11.44,19.76,27.60
-17.43,12.71,36.85
-5.16,8.59,25.83
5.16,6.51,6.41
6.01,2.32,-8.45
3.27,-0.96,-14.75
4.34,-2.29,-9.20
1.58,-1.00,2.80
-6.87,6.97,16.93
-15.20,14.33,29.41
-12.96,8.83,29.99
-1.32,6.02,16.35
5.30,2.45,0.97
6.43,-0.29,-10.24
6.43,-1.77,-13.63
5.45,-2.71,-6.63
-1.95,3.39,7.48
-13.26,19.16,25.78
-19.77,12.10,35.08
-6.79,8.12,24.60
5.20,7.26,6.00
9.27,3.81,-9.11
8.21,1.27,-16.58
7.07,-1.51,-11.98
0.10,2.37,3.47
-12.39,28.01,26.33
-24.49,15.55,39.80
-10.02,10.80,29.17
6.95,10.67,7.00
11.21,5.17,-10.85
6.71,1.04,-19.98
5.54,-0.10,-12.86
1.34,2.88,2.77
-9.37,19.73,23.09
-20.55,20.27,37.02
-13.11,12.80,31.84
1.20,10.47,13.16
7.69,5.36,-3.88
7.48,0.96,-15.22
7.33,0.24,-16.74
6.92,-0.81,-6.91
-2.91,8.43,10.35
-17.03,27.35,30.57
-23.38,14.32,38.18
-6.42,12.31,23.29
7.69,10.21,3.19
11.55,5.05,-12.09
9.40,0.81,-19.07
6.69,-3.13,-11.90
-2.47,7.46,5.36
-15.64,29.23,27.12
-24.39,14.72,38.46
-8.38,11.91,26.27
6.20,11.03,4.82
11.39,5.25,-11.29
9.92,0.01,-19.68
8.47,-0.88,-12.84
0.64,6.45,3.77
-12.72,23.31,24.32
-24.31,17.58,36.65
-12.36,13.48,28.79
2.12,10.74,10.26
7.65,3.36,-5.09
7.53,-1.59,-13.65
8.04,-1.93,-12.30
5.72,-1.83,-2.92
-3.13,3.04,9.34
-14.24,15.69,23.90
-21.23,14.50,31.86
-9.56,11.21,24.07
2.89,7.57,7.83
9.42,1.97,-5.77
10.88,-2.04,-13.32
9.46,-1.77,-11.27
3.04,-1.16,-1.32
-8.17,13.41,15.04
-21.30,22.70,31.07
-19.62,11.70,32.36
-2.89,10.77,16.07
7.47,6.08,-0.82
11.35,1.19,-12.08
12.00,-0.88,-14.73
8.53,-0.38,-6.70
-0.68,5.32,7.31
-13.99,21.69,25.04
-24.63,19.11,35.69
-13.41,13.66,26.73
1.40,10.68,8.96
9.28,4.11,-5.18
12.02,-0.70,-13.41
11.90,-1.82,-12.36
5.93,-1.33,-3.34
-5.24,7.37,10.47
-18.26,20.02,26.34
-23.72,11.85,32.92
-8.34,10.74,21.33
4.25,7.52,4.57
10.25,2.38,-7.84
11.65,-0.96,-13.53
10.26,-0.81,-9.03
3.24,1.31,1.53
-8.75,14.14,17.82
-22.03,21.23,32.39
-19.02,11.94,30.98
-3.06,10.07,15.29
6.98,5.89,-0.41
10.53,0.29,-11.38
10.90,-1.69,-14.44
8.74,-0.12,-7.93
1.31,3.64,4.33
-11.85,20.82,22.62
-24.31,21.03,35.93
-15.82,13.74,29.53
0.41,11.37,10.88
9.11,6.24,-4.61
11.75,0.71,-14.27
12.16,-0.81,-14.41
7.86,0.22,-5.45
-2.58,10.72,10.07
-17.72,28.77,29.09
-27.30,13.81,37.09
-10.05,14.54,22.53
5.50,12.71,3.02
13.19,5.61,-10.51
14.78,-0.44,-16.96
11.39,-1.25,-12.40
2.34,4.75,0.97
-11.48,27.40,21.36
-27.85,22.45,36.98
-18.68,14.28,31.60
0.90,16.16,10.73
11.45,9.36,-5.98
13.51,1.16,-16.53
11.44,-1.25,-16.32
5.90,-0.12,-5.88
-4.27,14.74,10.99
-17.65,30.87,30.28
-25.55,16.04,37.95
-9.30,17.07,24.14
4.63,13.58,4.26
10.56,5.32,-10.70
12.12,-0.74,-18.87
12.52,-0.36,-14.62
6.60,3.07,-2.57
-7.29,19.23,15.27
-24.14,31.24,33.49
-26.19,15.47,35.95
-5.71,19.16,17.29
8.20,15.19,-1.80
16.45,4.33,-13.37
19.06,-1.06,-16.99
13.21,0.02,-10.71
1.25,9.01,3.38
-14.39,28.20,23.81
-30.17,21.36,37.04
-18.28,15.03,29.19
1.59,17.02,8.98
12.34,8.62,-6.52
15.26,0.52,-15.81
11.86,-1.81,-15.73
4.33,0.62,-4.78
-6.58,19.81,14.63
-22.74,26.75,32.24
-24.70,11.67,35.61
-4.71,15.53,18.22
9.45,13.06,0.11
13.77,4.43,-13.01
9.26,-1.92,-19.02
3.10,-3.77,-11.15
-4.29,13.42,8.05
-18.04,28.02,27.32
-25.32,10.69,36.64
-8.52,11.78,24.16
8.05,13.75,5.27
13.41,5.38,-9.14
7.43,-3.05,-17.31
-0.48,-5.10,-11.01
-7.97,16.41,7.91
-21.03,22.69,25.27
-22.06,7.59,33.13
-4.08,10.33,20.27
10.85,9.84,3.35
15.07,2.24,-9.71
6.63,-3.86,-15.97
-2.63,-0.77,-6.28
-9.35,21.40,13.35
-19.59,25.87,29.46
-19.71,10.29,34.74
-3.24,11.94,20.42
9.37,9.54,2.28
12.85,2.91,-10.97
6.92,-2.24,-17.31
-0.30,-4.21,-10.86
-5.55,12.12,6.79
-14.60,30.11,25.16
-22.06,16.18,35.59
-10.85,11.55,27.30
4.64,14.09,8.70
12.14,6.47,-6.17
12.35,-0.69,-15.56
6.40,-4.58,-15.87
-0.92,2.01,-4.00
-9.40,25.70,15.55
-22.89,25.26,31.21
-20.93,11.01,33.68
-2.35,15.04,17.05
10.19,10.75,-0.06
15.30,2.65,-11.08
10.82,-3.37,-16.91
1.97,-3.01,-9.52
-7.28,19.71,10.02
-21.48,25.62,27.14
-23.44,8.42,32.81
-4.06,11.97,21.23
11.56,10.24,5.06
13.37,1.79,-7.89
2.15,-5.04,-10.78
-8.64,8.66,2.74
-17.54,13.51,16.70
-16.68,4.14,23.52
-2.59,2.87,18.58
11.13,3.58,8.14
15.07,-2.34,-1.54
5.37,-2.45,-4.62
-6.61,10.47,6.35
-16.31,20.78,20.48
-20.39,12.81,27.51
-9.06,10.39,22.47
4.19,9.00,10.34
12.54,2.65,-1.49
15.87,-2.65,-8.30
10.72,-3.45,-9.99
1.57,2.08,-1.96
-7.92,19.62,13.84
-19.67,25.44,27.87
-19.80,14.35,30.47
-5.49,14.37,18.87
5.41,10.20,4.28
12.34,2.27,-7.04
14.54,-2.35,-13.19
10.56,-3.00,-11.54
2.17,1.54,-1.51
-7.91,24.32,16.03
-21.33,29.29,30.17
-22.07,15.22,31.99
-6.54,16.08,18.04
5.73,12.55,1.99
13.92,3.41,-8.27
17.65,-2.72,-12.74
13.54,-2.07,-10.04
4.66,3.97,-0.76
-7.38,24.39,15.81
-22.45,30.51,30.11
-24.35,14.99,31.18
-6.26,18.87,16.94
7.49,13.77,1.75
15.85,4.64,-8.59
17.31,-1.70,-14.22
10.48,-2.58,-11.31
0.60,8.98,1.97
-11.45,33.85,20.55
-27.04,23.61,33.08
-21.01,15.11,29.80
-2.03,20.41,13.01
9.58,12.93,-1.80
16.86,2.08,-10.21
17.63,-2.36,-12.67
11.31,-1.94,-7.42
-0.28,10.76,4.59
-13.61,32.10,21.15
-27.99,20.11,31.33
-19.36,16.06,26.26
-1.50,19.59,11.10
10.27,11.58,-2.08
19.05,0.93,-9.03
19.37,-5.05,-10.91
11.00,-1.09,-5.92
-1.46,11.57,5.79
-14.32,31.67,22.06
-28.67,20.26,31.52
-19.44,17.13,25.31
-0.72,20.90,9.47
12.49,13.41,-3.04
22.64,1.00,-8.95
21.20,-4.62,-10.95
11.27,0.90,-5.66
-1.90,15.39,7.60
-14.41,32.30,23.67
-27.96,21.13,32.62
-18.55,17.14,25.40
-0.53,19.23,10.59
10.96,11.25,-2.28
18.44,1.32,-9.90
17.44,-4.44,-13.38
9.13,-1.38,-8.63
-2.27,15.01,6.73
-14.74,34.41,24.11
-28.97,17.37,33.55
-17.74,15.93,25.87
1.00,20.50,9.43
13.33,12.93,-3.80
20.03,1.09,-12.13
15.67,-4.19,-15.52
6.29,1.47,-7.46
-5.32,29.03,12.01
-23.02,36.94,28.41
-31.49,12.62,34.46
-10.23,21.80,20.38
6.68,19.66,3.88
16.10,7.31,-7.20
18.62,-1.33,-13.63
13.54,-2.09,-12.41
4.50,4.59,-2.93
-6.60,28.36,15.22
-22.14,35.52,30.84
-26.91,16.25,34.03
-8.27,21.06,19.02
5.61,17.62,3.22
14.52,6.51,-7.77
17.81,-1.84,-14.28
12.74,-3.53,-12.79
3.55,4.31,-2.42
-9.47,30.08,14.97
-26.41,27.88,28.69
-26.92,13.28,30.62
-6.65,20.59,15.93
8.38,15.56,0.74
18.63,3.57,-7.38
19.69,-3.85,-12.15
11.76,-2.42,-9.79
0.35,12.59,2.89
-12.18,32.53,20.27
-27.14,22.08,31.63
-20.79,14.89,28.22
-2.09,19.65,13.71
9.47,11.35,0.03
15.32,1.26,-9.53
