-3.99,-8.35,1.30
-5.25,-8.45,2.04
-5.98,-8.50,1.81
-5.57,-8.95,0.62
-4.18,-9.86,-1.01
-1.75,-9.56,-2.17
-0.71,-6.92,-1.46
-4.30,-1.53,2.27
-12.21,4.76,8.15
-19.27,0.10,12.92
-15.57,-2.88,10.30
-5.66,-0.55,2.03
3.19,-3.52,-6.92
14.16,-3.86,-13.84
26.38,-6.33,-13.52
29.33,-6.07,-3.61
21.81,0.98,6.30
8.40,19.20,5.93
-7.62,32.91,3.84
-24.38,31.15,12.28
-34.78,22.78,21.33
-26.97,25.09,20.15
-8.04,24.75,6.28
11.84,28.97,-8.79
32.57,25.90,-15.23
39.49,15.11,3.66
32.68,4.29,26.20
20.51,10.66,28.49
11.03,36.06,10.55
-0.52,50.47,-2.91
-17.99,59.67,6.66
-40.46,35.32,26.32
-38.03,26.59,26.90
-7.27,50.76,9.84
13.12,48.56,-4.75
33.37,32.58,-10.47
36.85,26.19,12.31
25.90,9.34,39.57
13.24,6.61,42.26
9.94,31.36,17.15
4.67,42.77,-4.24
-10.71,46.10,-4.51
-28.84,41.74,15.97
-42.40,17.39,26.42
-22.08,30.66,16.36
1.14,34.47,-0.72
18.46,24.89,-10.78
29.65,18.92,-2.00
24.98,9.45,21.15
15.69,3.42,35.56
8.26,4.70,31.02
7.58,19.25,11.71
4.00,24.20,-4.63
-8.89,30.83,-8.00
-24.46,32.43,8.59
-38.03,15.91,22.29
-27.67,17.67,19.24
-4.40,31.40,3.50
11.92,26.04,-8.48
26.70,17.18,-10.91
30.01,14.00,6.13
21.72,3.12,26.29
12.20,0.42,31.90
8.25,8.74,19.36
6.81,14.99,2.92
-0.29,20.90,-8.18
-14.14,26.65,-3.59
-28.59,24.48,13.57
-34.94,12.86,23.52
-17.69,21.25,14.60
1.47,25.44,-1.46
17.66,20.02,-11.65
29.62,12.92,-7.35
28.49,5.95,13.58
20.01,3.84,28.82
11.81,4.75,27.63
8.17,11.56,13.33
4.95,19.71,-0.69
-3.34,23.45,-7.32
-15.54,33.43,0.86
-30.15,27.71,17.76
-34.50,11.93,24.08
-13.45,25.85,10.89
3.32,25.92,-3.51
17.27,17.38,-11.01
28.11,11.20,-6.35
28.41,8.27,11.45
20.58,3.00,27.20
12.33,1.28,29.01
8.99,11.07,16.21
6.95,16.55,1.15
1.37,20.01,-8.53
-10.45,30.21,-5.49
-23.48,32.11,11.37
-35.16,13.13,24.87
-22.34,22.08,19.96
-2.96,30.07,4.60
10.88,23.71,-7.78
25.27,16.53,-13.06
32.47,12.79,0.80
27.19,6.18,22.16
17.80,4.36,31.37
10.80,10.00,21.86
7.31,20.06,5.86
0.12,25.62,-4.61
-12.08,35.19,-2.03
-27.95,28.06,13.65
-37.96,10.55,22.60
-21.38,17.47,13.03
-1.88,21.85,-1.97
13.62,15.79,-10.93
26.58,9.78,-7.29
26.56,8.21,12.77
17.80,-0.79,29.89
9.89,3.81,29.23
6.52,16.46,13.73
2.06,25.06,-0.34
-7.99,36.03,-3.57
-23.22,31.56,9.69
-39.13,8.36,19.16
-27.81,17.26,11.37
-8.48,23.39,0.00
6.67,17.53,-6.55
20.07,13.39,-6.28
24.04,8.79,7.38
18.08,2.26,24.64
10.52,-0.28,32.21
6.90,7.32,22.50
6.20,14.87,7.15
2.28,16.71,-4.63
-8.10,22.31,-7.07
-21.51,25.53,5.50
-34.69,12.68,18.40
-28.63,12.08,17.26
-8.12,24.13,4.41
7.08,20.85,-6.40
20.16,14.63,-10.18
27.68,9.93,-0.74
24.31,5.71,18.12
15.28,-0.87,30.49
9.20,6.07,25.82
7.08,12.87,11.00
4.80,15.02,-2.35
-2.89,18.79,-8.32
-14.69,29.48,-0.38
-29.18,20.62,16.00
-34.89,7.82,22.84
-15.91,20.19,10.91
1.13,22.73,-2.84
13.72,13.95,-10.30
25.22,8.49,-8.54
27.08,5.58,7.38
19.45,0.39,23.95
11.32,2.73,27.39
6.89,11.43,16.56
4.88,13.31,2.83
0.39,15.80,-6.11
-8.85,21.71,-6.77
-20.40,28.14,6.61
-33.35,13.76,20.41
-28.28,13.18,20.69
-7.86,26.94,6.64
6.69,23.73,-5.09
18.29,12.94,-10.72
27.16,5.40,-5.87
26.94,2.70,9.44
19.34,-0.96,22.41
11.75,1.18,24.45
7.41,10.98,14.16
4.80,14.45,1.35
-0.92,15.73,-6.58
-10.56,20.02,-5.46
-20.91,27.69,6.63
-31.70,15.46,19.02
-26.22,16.65,19.89
-9.34,23.88,8.26
4.10,23.34,-3.75
14.01,12.80,-10.97
23.36,4.74,-11.65
28.32,1.48,-2.35
25.26,1.64,12.61
16.40,-3.25,21.85
10.48,6.56,17.14
6.19,16.63,5.01
-1.10,25.23,-3.16
-12.94,35.79,0.77
-29.09,26.38,14.33
-37.23,14.94,19.95
-20.64,26.55,10.55
-1.85,28.58,-1.68
14.38,28.42,-8.97
28.31,22.76,-5.33
28.45,19.91,15.66
19.47,8.25,34.96
11.01,5.34,36.35
10.01,17.73,18.60
10.04,27.22,0.27
4.11,28.72,-10.06
-7.97,38.57,-6.50
-21.16,44.27,11.69
-36.81,19.48,28.28
-24.64,31.24,24.75
-3.01,44.13,7.08
11.19,42.75,-7.34
24.15,29.91,-15.10
33.59,21.71,-3.23
28.89,18.84,20.35
17.43,4.29,34.57
9.84,9.25,28.64
8.68,20.31,11.19
7.52,20.15,-4.41
-0.09,20.69,-12.50
-11.09,23.26,-7.78
-19.69,29.16,6.09
-28.56,23.10,20.90
-25.59,20.12,26.51
-7.51,31.58,12.52
6.90,36.46,-4.12
18.25,28.38,-15.60
28.40,14.79,-15.79
31.70,12.03,-0.40
24.10,6.30,18.23
14.49,-1.55,27.07
8.75,6.58,20.84
7.08,11.64,6.86
5.18,11.15,-5.48
-0.84,11.07,-12.55
-9.40,13.82,-9.83
-16.73,19.07,1.42
-25.61,19.78,15.09
-27.95,15.19,23.84
-14.15,23.03,15.93
1.21,29.45,0.21
12.45,26.21,-12.67
24.37,15.11,-18.14
30.74,10.55,-5.05
25.25,4.83,15.54
15.23,-1.31,28.26
8.10,3.91,25.36
6.68,14.73,9.71
4.91,18.05,-5.09
-3.71,20.87,-12.45
-15.70,26.54,-3.62
-27.70,28.05,13.82
-32.48,18.14,25.61
-16.20,23.86,17.39
2.56,32.46,0.32
15.78,22.36,-10.91
28.79,13.65,-11.62
30.25,8.98,7.27
21.46,1.43,27.43
11.13,2.00,32.45
7.44,18.08,17.37
4.61,24.79,0.33
-2.35,27.06,-8.89
-13.13,28.56,-4.64
-22.60,26.85,7.30
-30.41,20.27,18.42
-22.90,25.91,19.94
-6.37,31.18,8.13
6.63,28.16,-4.21
17.22,16.42,-11.09
25.94,8.36,-8.68
27.27,4.92,6.23
21.37,4.39,22.75
12.75,-2.73,29.95
9.01,10.16,20.04
8.18,18.38,4.20
3.21,21.60,-7.53
-7.35,26.68,-8.28
-19.57,38.00,7.14
-34.44,24.00,23.16
-28.43,22.27,24.25
-5.83,37.97,7.73
8.67,34.91,-6.20
20.34,20.74,-11.68
29.06,15.96,-3.81
27.90,13.51,16.69
17.47,5.40,34.84
9.94,8.96,32.31
9.20,22.25,13.50
8.11,23.02,-3.24
0.71,22.98,-12.32
-10.83,29.08,-6.16
-22.08,34.42,10.58
-33.06,23.35,24.35
-24.84,24.77,24.20
-4.30,38.37,7.17
9.24,33.79,-8.37
22.31,22.78,-16.27
31.00,13.79,-7.23
27.08,11.52,13.50
17.86,6.98,28.87
9.50,0.59,30.56
9.12,16.23,15.54
9.69,22.04,-1.04
3.83,19.78,-12.08
-8.36,28.52,-8.64
-20.32,34.91,8.63
-32.44,23.35,25.38
-26.71,23.08,27.05
-5.51,37.81,8.01
7.45,30.16,-8.05
19.04,18.48,-15.90
26.63,10.17,-9.37
26.23,11.76,8.50
18.59,6.19,26.09
9.31,-0.81,33.03
7.34,15.17,19.29
5.56,23.28,0.63
-4.11,25.18,-8.62
-17.28,33.65,0.64
-33.27,19.96,17.48
-34.40,11.46,21.44
-15.53,20.18,9.27
2.37,25.56,-4.71
17.07,19.99,-12.33
27.00,15.01,-3.97
24.55,13.64,16.29
16.34,7.61,32.29
9.22,2.83,32.18
9.40,17.44,14.77
8.39,21.82,-1.28
2.81,21.97,-9.94
-7.12,27.73,-8.58
-17.72,41.70,6.48
-31.92,26.17,22.80
-29.57,18.02,26.25
-8.19,34.69,10.65
4.14,30.27,-3.29
12.73,18.10,-12.16
24.20,12.30,-14.18
28.31,9.78,1.02
21.33,4.79,22.94
11.55,1.07,33.52
7.75,14.24,22.86
7.47,20.69,5.68
4.91,23.49,-7.14
-4.43,31.50,-10.21
-17.02,47.29,5.43
-33.48,29.27,24.03
-31.32,21.96,27.52
-7.33,41.87,10.16
6.45,36.40,-4.52
17.07,21.98,-11.99
25.61,11.04,-8.37
26.14,10.24,8.07
18.85,7.27,24.81
10.11,-0.98,31.88
7.32,9.00,22.01
8.29,14.87,6.70
7.53,15.63,-5.80
0.82,17.79,-12.04
-10.07,27.55,-5.11
-20.73,30.12,10.32
-29.05,22.52,21.20
-24.97,16.96,21.32
-8.86,30.18,8.98
2.42,23.06,-4.25
11.79,12.74,-12.64
20.49,4.49,-12.63
22.35,-0.41,-1.84
18.52,3.11,11.89
11.82,-1.50,21.82
7.07,-1.31,23.53
6.13,4.30,14.22
6.59,7.20,2.18
4.10,8.60,-6.70
-2.86,15.57,-10.09
-12.92,23.88,-2.55
-22.91,27.92,10.93
-30.39,21.32,21.43
-20.46,25.61,18.43
-4.54,31.58,5.04
6.58,25.88,-6.60
15.20,13.53,-13.00
22.63,7.12,-9.53
24.10,5.01,4.24
18.74,4.08,19.74
10.63,-1.92,27.41
6.80,3.78,21.68
6.51,7.45,8.95
5.73,8.99,-2.18
1.82,7.78,-9.41
-5.91,11.58,-9.52
-14.53,18.51,-0.20
-23.78,22.76,12.65
-29.37,12.90,21.38
-18.18,21.05,16.02
-4.63,25.05,2.81
4.53,19.60,-7.48
12.97,11.08,-13.61
21.58,7.50,-11.31
24.16,9.42,3.48
19.69,6.99,20.52
12.44,0.48,30.99
8.76,7.01,25.90
9.62,14.29,11.15
8.99,14.57,-1.74
4.27,17.22,-9.95
-5.73,25.13,-7.95
-16.84,31.32,6.10
-28.27,25.43,20.02
-29.34,19.21,25.49
-13.00,29.76,13.46
1.42,30.46,-2.42
11.99,20.23,-12.04
19.60,7.44,-12.58
21.49,3.06,-2.17
18.84,1.87,10.45
14.60,2.37,20.02
10.56,1.49,23.23
9.46,1.07,17.97
10.67,2.83,8.35
10.40,3.49,-0.87
6.70,4.31,-7.62
-1.21,8.84,-8.65
-10.35,18.40,-1.31
-21.25,21.92,12.21
-29.96,9.69,22.73
-21.64,12.62,18.36
-6.71,25.79,4.56
2.75,17.62,-7.06
13.13,8.98,-14.67
22.90,3.64,-11.34
24.32,3.13,3.99
17.90,3.72,18.46
10.10,0.20,24.20
6.30,1.38,19.72
7.19,4.80,8.07
7.33,5.16,-2.41
2.83,7.38,-10.18
-7.07,15.27,-8.45
-17.79,25.18,4.57
-29.04,21.66,19.83
